pcs2003;Libelle_pcs2003;groupe;groupe_det
100x;Agriculteurs et eleveurs, salaries de leur exploitation;Autres non soignants;Technique
111a;Agriculteurs sur petite exploitation de cereales-grandes cultures;Autres non soignants;Technique
111b;Maraechers, horticulteurs sur petite exploitation;Autres non soignants;Technique
111c;Viticulteurs, arboriculteurs fruitiers, sur petite exploitation;Autres non soignants;Technique
111d;Eleveurs d'herbivores, sur petite exploitation;Autres non soignants;Technique
111e;Eleveurs de granivores et eleveurs mixtes, sur petite exploitation;Autres non soignants;Technique
111f;Agriculteurs sur petite exploitation sans orientation dominante;Autres non soignants;Technique
121a;Agriculteurs sur moyenne exploitation de cereales-grandes cultures;Autres non soignants;Technique
121b;Maraechers, horticulteurs sur moyenne exploitation;Autres non soignants;Technique
121c;Viticulteurs, arboriculteurs fruitiers, sur moyenne exploitation;Autres non soignants;Technique
121d;Eleveurs d'herbivores sur moyenne exploitation;Autres non soignants;Technique
121e;Eleveurs de granivores et eleveurs mixtes, sur moyenne exploitation;Autres non soignants;Technique
121f;Agriculteurs sur moyenne exploitation sans orientation dominante;Autres non soignants;Technique
122a;Entrepreneurs de travaux agricoles e faeon, de 0 e 9 salaries;Autres non soignants;Technique
122b;Exploitants forestiers independants, de 0 e 9 salaries;Autres non soignants;Technique
122c;Patrons pecheurs et aquaculteurs, de 0 e 9 salaries;Autres non soignants;Technique
131a;Agriculteurs sur grande exploitation de cereales-grandes cultures;Autres non soignants;Technique
131b;Maraechers, horticulteurs, sur grande exploitation;Autres non soignants;Technique
131c;Viticulteurs, arboriculteurs fruitiers, sur grande exploitation;Autres non soignants;Technique
131d;Eleveurs d'herbivores, sur grande exploitation;Autres non soignants;Technique
131e;Eleveurs de granivores et eleveurs mixtes, sur grande exploitation;Autres non soignants;Technique
131f;Agriculteurs sur grande exploitation sans orientation dominante;Autres non soignants;Technique
210x;Artisans salaries de leur entreprise;Autres non soignants;Technique
211a;Artisans maeons;Autres non soignants;Technique
211b;Artisans menuisiers du betiment, charpentiers en bois;Autres non soignants;Technique
211c;Artisans couvreurs;Autres non soignants;Technique
211d;Artisans plombiers, chauffagistes;Autres non soignants;Technique
211e;Artisans electriciens du betiment;Autres non soignants;Technique
211f;Artisans de la peinture et des finitions du betiment;Autres non soignants;Technique
211g;Artisans serruriers, metalliers;Autres non soignants;Technique
211h;Artisans en terrassement, travaux publics;Autres non soignants;Technique
211j;Entrepreneurs en parcs et jardins, paysagistes;Autres non soignants;Technique
212a;Artisans mecaniciens en machines agricoles;Autres non soignants;Technique
212b;Artisans chaudronniers;Autres non soignants;Technique
212c;Artisans en mecanique generale, fabrication et travail des metaux (hors horlogerie et materiel de precision);Autres non soignants;Technique
212d;Artisans divers de fabrication de machines;Autres non soignants;Technique
213a;Artisans de l'habillement, du textile et du cuir;Autres non soignants;Technique
214a;Artisans de l'ameublement;Autres non soignants;Technique
214b;Artisans du travail mecanique du bois;Autres non soignants;Technique
214c;Artisans du papier, de l'imprimerie et de la reproduction;Autres non soignants;Technique
214d;Artisans de fabrication en materiaux de construction (hors artisanat d'art);Autres non soignants;Technique
214e;Artisans d'art;Autres non soignants;Technique
214f;Autres artisans de fabrication (y.c. horlogers, materiel de precision);Autres non soignants;Technique
215a;Artisans boulangers, petissiers, de 0 e 9 salaries;Autres non soignants;Autres non soignants
215b;Artisans bouchers, de 0 e 9 salaries;Autres non soignants;Autres non soignants
215c;Artisans charcutiers, de 0 e 9 salaries;Autres non soignants;Autres non soignants
215d;Autres artisans de l'alimentation, de 0 e 9 salaries;Autres non soignants;Autres non soignants
216a;Artisans mecaniciens reparateurs d'automobiles;Autres non soignants;Technique
216b;Artisans teliers-carrossiers d'automobiles;Autres non soignants;Technique
216c;Artisans reparateurs divers;Autres non soignants;Technique
217a;Conducteurs de taxis, ambulanciers et autres artisans du transport, de 0 e 9 salaries;Autres non soignants;Technique
217b;Artisans demenageurs, de 0 e 9 salaries;Autres non soignants;Autres non soignants
217c;Artisans coiffeurs, manucures, estheticiens, de 0 e 9 salaries;Autres non soignants;Autres non soignants
217d;Artisans teinturiers, blanchisseurs, de 0 e 9 salaries;Autres non soignants;Autres non soignants
217e;Artisans des services divers, de 0 e 9 salaries;Autres non soignants;Autres non soignants
218a;Transporteurs independants routiers et fluviaux, de 0 e 9 salaries;Autres non soignants;Autres non soignants
219a;Aides familiaux non salaries ou associes d'artisans, effectuant un travail administratif ou commercial;Filiere administrative;Filiere administrative
220x;Commereants et assimiles, salaries de leur entreprise;Autres non soignants;Autres non soignants
221a;Petits et moyens grossistes en alimentation, de 0 e 9 salaries;Autres non soignants;Autres non soignants
221b;Petits et moyens grossistes en produits non alimentaires, de 0 e 9 salaries;Autres non soignants;Autres non soignants
222a;Petits et moyens detaillants en alimentation specialisee, de 0 e 9 salaries;Autres non soignants;Autres non soignants
222b;Petits et moyens detaillants en alimentation generale, de 0 e 9 salaries;Autres non soignants;Autres non soignants
223a;Detaillants en ameublement, decor, equipement du foyer, de 0 e 9 salaries;Autres non soignants;Autres non soignants
223b;Detaillants en droguerie, bazar, quincaillerie, bricolage, de 0 e 9 salaries;Autres non soignants;Autres non soignants
223c;Fleuristes, de 0 e 9 salaries;Autres non soignants;Autres non soignants
223d;Detaillants en habillement et articles de sport, de 0 e 9 salaries;Autres non soignants;Autres non soignants
223e;Detaillants en produits de beaute, de luxe (hors biens culturels), de 0 e 9 salaries;Autres non soignants;Autres non soignants
223f;Detaillants en biens culturels (livres, disques, multimedia, objets d'art), de 0 e 9 salaries;Autres non soignants;Autres non soignants
223g;Detaillants en tabac, presse et articles divers, de 0 e 9 salaries;Autres non soignants;Autres non soignants
223h;Exploitants et gerants libres de station-service, de 0 e 9 salaries;Autres non soignants;Autres non soignants
224a;Exploitants de petit restaurant, cafe-restaurant, de 0 e 2 salaries;Autres non soignants;Autres non soignants
224b;Exploitants de petit cafe, debit de boisson, associe ou non e une autre activite hors restauration, de 0 e 2 salaries;Autres non soignants;Autres non soignants
224c;Exploitants de petit hetel, hetel-restaurant, de 0 e 2 salaries;Autres non soignants;Autres non soignants
224d;Exploitants de cafe, restaurant, hetel, de 3 e 9 salaries;Autres non soignants;Autres non soignants
225a;Intermediaires independants du commerce, de 0 e 9 salaries;Autres non soignants;Autres non soignants
226a;Agents generaux et courtiers d'assurance independants, de 0 e 9 salaries;Autres non soignants;Autres non soignants
226b;Agents de voyage et auxiliaires de transports independants, de 0 e 9 salaries;Autres non soignants;Autres non soignants
226c;Agents immobiliers independants, de 0 e 9 salaries;Autres non soignants;Autres non soignants
227a;Independants gestionnaires de spectacle ou de service recreatif, de 0 e 9 salaries;Filiere administrative;Filiere administrative
227b;Independants gestionnaires d'etablissements prives (enseignement, sante, social), de 0 e 9 salaries;Filiere administrative;Filiere administrative
227c;Astrologues, professionnels de la parapsychologie, guerisseurs, de 0 e 9 salaries;Autres non soignants;Autres non soignants
227d;Autres independants divers prestataires de services, de 0 e 9 salaries;Autres non soignants;Autres non soignants
231a;Chefs de grande entreprise de 500 salaries et plus;Filiere administrative;Filiere administrative
232a;Chefs de moyenne entreprise, de 50 e 499 salaries;Filiere administrative;Filiere administrative
233a;Chefs d'entreprise du betiment et des travaux publics, de 10 e 49 salaries;Filiere administrative;Filiere administrative
233b;Chefs d'entreprise de l'industrie ou des transports, de 10 e 49 salaries;Filiere administrative;Filiere administrative
233c;Chefs d'entreprise commerciale, de 10 e 49 salaries;Filiere administrative;Filiere administrative
233d;Chefs d'entreprise de services, de 10 e 49 salaries;Filiere administrative;Filiere administrative
311a;Medecins liberaux specialistes;Medecins;Medecins
311b;Medecins liberaux generalistes;Medecins;Medecins
311c;Chirurgiens dentistes;Medecins;Medecins
311d;Psychologues, psychanalystes, psychotherapeutes (non Medecins);6Autres soignants;Psy
311e;Veterinaires;Autres non soignants;Autres non soignants
311f;Pharmaciens liberaux;Medecins;Medecins
312a;Avocats;Filiere administrative;Filiere administrative
312b;Notaires;Autres non soignants;Autres non soignants
312c;Experts comptables, comptables agrees, liberaux;Autres non soignants;Autres non soignants
312d;Conseils et experts liberaux en etudes economiques, organisation et recrutement, gestion et fiscalite;Autres non soignants;Autres non soignants
312e;Ingenieurs conseils liberaux en etudes techniques;Autres non soignants;Technique
312f;Architectes liberaux;Autres non soignants;Technique
312g;Geometres-experts, huissiers de justice, officiers ministeriels, professions liberales diverses;Autres non soignants;Technique
313a;Aides familiaux non salaries de professions liberales effectuant un travail administratif;Filiere administrative;Filiere administrative
331a;Personnels de direction de la fonction publique (Etat, collectivites locales, hepitaux);Filiere administrative;Filiere administrative
332a;Ingenieurs de l'Etat (y.c. ingenieurs militaires) et assimiles;Filiere administrative;Filiere administrative
332b;Ingenieurs des collectivites locales et des hepitaux;Filiere administrative;Filiere administrative
333a;Magistrats;Filiere administrative;Filiere administrative
333b;Inspecteurs et autres personnels de categorie A des Impets, du Tresor et des Douanes;Autres non soignants;Autres non soignants
333c;Cadres de la Poste;Filiere administrative;Filiere administrative
333d;Cadres administratifs de France Telecom (statut public);Filiere administrative;Filiere administrative
333e;Autres personnels administratifs de categorie A de l'Etat (hors Enseignement, Patrimoine, Impets, Tresor, Douanes);Filiere administrative;Filiere administrative
333f;Personnels administratifs de categorie A des collectivites locales et hepitaux publics (hors Enseignement, Patrimoine);Filiere administrative;Filiere administrative
334a;Officiers des Armees et de la Gendarmerie (sauf officiers generaux);Autres non soignants;Autres non soignants
335a;Personnes exereant un mandat politique ou syndical;Autres non soignants;Autres non soignants
341a;Professeurs agreges et certifies de l'enseignement secondaire;Medecins;Medecins
341b;Chefs d'etablissement de l'enseignement secondaire et inspecteurs;Filiere administrative;Filiere administrative
342a;Enseignants de l'enseignement superieur;Medecins;Medecins
342b;Professeurs et maetres de conferences;Medecins;Medecins
342c;Professeurs agreges et certifies en fonction dans l'enseignement superieur;Medecins;Medecins
342d;Personnel enseignant temporaire de l'enseignement superieur;Medecins;Medecins
342e;Chercheurs de la recherche publique;Medecins;Medecins
342f;Directeurs et charges de recherche de la recherche publique;Medecins;Medecins
342g;Ingenieurs d'etude et de recherche de la recherche publique;Medecins;Medecins
342h;Allocataires de la recherche publique;Medecins;Medecins
343a;Psychologues specialistes de l'orientation scolaire et professionnelle;Autres non soignants;Social
344a;Medecins hospitaliers sans activite liberale;Medecins;Medecins
344b;Medecins salaries non hospitaliers;Medecins;Medecins
344c;Internes en medecine, odontologie et pharmacie;1Internes;1Internes
344d;Pharmaciens salaries;Medecins;Medecins
351a;Bibliothecaires, archivistes, conservateurs et autres cadres du patrimoine;Filiere administrative;Filiere administrative
352a;Journalistes (y c. redacteurs en chef);Autres non soignants;Autres non soignants
352b;Auteurs litteraires, scenaristes, dialoguistes;Autres non soignants;Autres non soignants
353a;Directeurs de journaux, administrateurs de presse, directeurs d'editions (litteraire, musicale, audiovisuelle et multimedia);Filiere administrative;Filiere administrative
353b;Directeurs, responsables de programmation et de production de l'audiovisuel et des spectacles;Filiere administrative;Filiere administrative
353c;Cadres artistiques et technico-artistiques de la realisation de l'audiovisuel et des spectacles;Filiere administrative;Filiere administrative
354a;Artistes plasticiens;Autres non soignants;Autres non soignants
354b;Artistes de la musique et du chant;Autres non soignants;Autres non soignants
354c;Artistes dramatiques;Autres non soignants;Autres non soignants
354d;Artistes de la danse, du cirque et des spectacles divers;Autres non soignants;Autres non soignants
354e;Artistes de la danse;Autres non soignants;Autres non soignants
354f;Artistes du cirque et des spectacles divers;Autres non soignants;Autres non soignants
354g;Professeurs d'art (hors etablissements scolaires);Autres non soignants;Autres non soignants
371a;Cadres d'etat-major administratifs, financiers, commerciaux des grandes entreprises;Filiere administrative;Filiere administrative
372a;Cadres charges d'etudes economiques, financieres, commerciales;Filiere administrative;Filiere administrative
372b;Cadres de l'organisation ou du contrele des services administratifs et financiers;Filiere administrative;Filiere administrative
372c;Cadres specialistes des ressources humaines et du recrutement;Filiere administrative;Filiere administrative
372d;Cadres specialistes de la formation;Filiere administrative;Filiere administrative
372e;Juristes;Filiere administrative;Filiere administrative
372f;Cadres de la documentation, de l'archivage (hors fonction publique);Filiere administrative;Filiere administrative
373a;Cadres des services financiers ou comptables des grandes entreprises;Filiere administrative;Filiere administrative
373b;Cadres des autres services administratifs des grandes entreprises;Filiere administrative;Filiere administrative
373c;Cadres des services financiers ou comptables des petites et moyennes entreprises;Filiere administrative;Filiere administrative
373d;Cadres des autres services administratifs des petites et moyennes entreprises;Filiere administrative;Filiere administrative
374a;Cadres de l'exploitation des magasins de vente du commerce de detail;Filiere administrative;Filiere administrative
374b;Chefs de produits, acheteurs du commerce et autres cadres de la mercatique;Filiere administrative;Filiere administrative
374c;Cadres commerciaux des grandes entreprises (hors commerce de detail);Filiere administrative;Filiere administrative
374d;Cadres commerciaux des petites et moyennes entreprises (hors commerce de detail);Filiere administrative;Filiere administrative
375a;Cadres de la publicite;Filiere administrative;Filiere administrative
375b;Cadres des relations publiques et de la communication;Filiere administrative;Filiere administrative
376a;Cadres des marches financiers;Filiere administrative;Filiere administrative
376b;Cadres des operations bancaires;Filiere administrative;Filiere administrative
376c;Cadres commerciaux de la banque;Filiere administrative;Filiere administrative
376d;Chefs d'etablissements et responsables de l'exploitation bancaire;Filiere administrative;Filiere administrative
376e;Cadres des services techniques des assurances;Filiere administrative;Filiere administrative
376f;Cadres des services techniques des organismes de securite sociale et assimiles;Filiere administrative;Filiere administrative
376g;Cadres de l'immobilier;Filiere administrative;Filiere administrative
377a;Cadres de l'hetellerie et de la restauration;Filiere administrative;Filiere administrative
380a;Directeurs techniques des grandes entreprises;Autres non soignants;Technique
381a;Ingenieurs et cadres d'etude et d'exploitation de l'agriculture, la peche, les eaux et forets;Autres non soignants;Technique
381b;Ingenieurs et cadres d'etude et developpement de l'agriculture, la peche, les eaux et forets;Autres non soignants;Technique
381c;Ingenieurs et cadres de production et d'exploitation de l'agriculture, la peche, les eaux et forets;Autres non soignants;Technique
382a;Ingenieurs et cadres d'etude du betiment et des travaux publics;Autres non soignants;Technique
382b;Architectes salaries;Autres non soignants;Technique
382c;Ingenieurs, cadres de chantier et conducteurs de travaux (cadres) du betiment et des travaux publics;Autres non soignants;Technique
382d;Ingenieurs et cadres technico-commerciaux en betiment, travaux publics;Autres non soignants;Technique
383a;Ingenieurs et cadres d'etude, recherche et developpement en electricite, electronique;Autres non soignants;Technique
383b;Ingenieurs et cadres de fabrication en materiel electrique, electronique;Autres non soignants;Technique
383c;Ingenieurs et cadres technico-commerciaux en materiel electrique ou electronique professionnel;Autres non soignants;Technique
384a;Ingenieurs et cadres d'etude, recherche et developpement en mecanique et travail des metaux;Autres non soignants;Technique
384b;Ingenieurs et cadres de fabrication en mecanique et travail des metaux;Autres non soignants;Technique
384c;Ingenieurs et cadres technico-commerciaux en materiel mecanique professionnel;Autres non soignants;Technique
385a;Ingenieurs et cadres d'etude, recherche et developpement des industries de transformation (agroalimentaire, chimie, metallurgie, materiaux lourds);Autres non soignants;Technique
385b;Ingenieurs et cadres de fabrication des industries de transformation (agroalimentaire, chimie, metallurgie, materiaux lourds);Autres non soignants;Technique
385c;Ingenieurs et cadres technico-commerciaux des industries de transformations (biens intermediaires);Autres non soignants;Technique
386a;Ingenieurs et cadres d'etude, recherche et developpement des autres industries (imprimerie, materiaux souples, ameublement et bois, energie, eau);Autres non soignants;Technique
386b;Ingenieurs et cadres d'etude, recherche et developpement de la distribution d'energie, eau;Autres non soignants;Technique
386c;Ingenieurs et cadres d'etude, recherche et developpement des autres industries (imprimerie, materiaux souples, ameublement et bois);Autres non soignants;Technique
386d;Ingenieurs et cadres de la production et de la distribution d'energie, eau;Autres non soignants;Technique
386e;Ingenieurs et cadres de fabrication des autres industries (imprimerie, materiaux souples, ameublement et bois);Autres non soignants;Technique
387a;Ingenieurs et cadres des achats et approvisionnements industriels;Autres non soignants;Technique
387b;Ingenieurs et cadres de la logistique, du planning et de l'ordonnancement;Autres non soignants;Technique
387c;Ingenieurs et cadres des methodes de production;Autres non soignants;Technique
387d;Ingenieurs et cadres du contrele-qualite;Autres non soignants;Technique
387e;Ingenieurs et cadres de la maintenance, de l'entretien et des travaux neufs;Autres non soignants;Technique
387f;Ingenieurs et cadres techniques de l'environnement;Autres non soignants;Technique
388a;Ingenieurs et cadres d'etude, recherche et developpement en informatique;Autres non soignants;Technique
388b;Ingenieurs et cadres d'administration, maintenance, support et services aux utilisateurs en informatique;Autres non soignants;Technique
388c;Chefs de projets informatiques, responsables informatiques;Autres non soignants;Technique
388d;Ingenieurs et cadres technico-commerciaux en informatique et telecommunications;Autres non soignants;Technique
388e;Ingenieurs et cadres specialistes des telecommunications;Autres non soignants;Technique
389a;Ingenieurs et cadres techniques de l'exploitation des transports;Autres non soignants;Technique
389b;Officiers et cadres navigants techniques et commerciaux de l'aviation civile;Autres non soignants;Technique
389c;Officiers et cadres navigants techniques de la marine marchande;Autres non soignants;Technique
421a;Instituteurs;Autres non soignants;Social
421b;Professeurs des ecoles;Autres non soignants;Social
422a;Professeurs d'enseignement general des colleges;Autres non soignants;Social
422b;Professeurs de lycee professionnel;Autres non soignants;Social
422c;Maetres auxiliaires et professeurs contractuels de l'enseignement secondaire;Autres non soignants;Social
422d;Conseillers principaux d'education;Autres non soignants;Social
422e;Surveillants et aides-educateurs des etablissements d'enseignement;Autres non soignants;Social
423a;Moniteurs d'ecole de conduite;Autres non soignants;Autres non soignants
423b;Formateurs et animateurs de formation continue;Autres non soignants;Social
424a;Moniteurs et educateurs sportifs, sportifs professionnels;Autres non soignants;Social
425a;Sous-bibliothecaires, cadres intermediaires du patrimoine;Autres non soignants;Autres non soignants
431a;Cadres Infirmiers et assimiles;6Autres soignants;Cadres Infirmiers
431b;Infirmiers psychiatriques;Infirmiers;Infirmiers
431c;Puericultrices;Infirmiers;Infirmiers
431d;Infirmiers specialises (autres qu'Infirmiers psychiatriques et puericultrices);Infirmiers;Infirmiers
431e;Sages-femmes salariees;3Sages-femmes;3Sages-femmes
431f;Infirmiers en soins generaux, salaries;Infirmiers;Infirmiers
431g;Infirmiers liberaux;Infirmiers;Infirmiers
432a;Masseurs-kinesitherapeutes reeducateurs, liberaux;6Autres soignants;Reeduc
432b;Masseurs-kinesitherapeutes reeducateurs, salaries;6Autres soignants;Reeduc
432c;Autres specialistes de la reeducation, liberaux;6Autres soignants;Reeduc
432d;Autres specialistes de la reeducation, salaries;6Autres soignants;Reeduc
433a;Techniciens medicaux;Autres non soignants;Sante
433b;Opticiens lunetiers et audioprothesistes salaries;Autres non soignants;Sante
433c;Autres specialistes de l'appareillage medical salaries;Autres non soignants;Sante
433d;Preparateurs en pharmacie;Autres non soignants;Sante
434a;Cadres de l'intervention socio-educative;Autres non soignants;Social
434b;Assistants de service social;Autres non soignants;Social
434c;Conseillers en economie sociale familiale;Autres non soignants;Social
434d;Educateurs specialises;Autres non soignants;Social
434e;Moniteurs educateurs;Autres non soignants;Social
434f;Educateurs techniques specialises, moniteurs d'atelier;Autres non soignants;Social
434g;Educateurs de jeunes enfants;Autres non soignants;Social
435a;Directeurs de centres socioculturels et de loisirs;Filiere administrative;Filiere administrative
435b;Animateurs socioculturels et de loisirs;Autres non soignants;Social
441a;Clerge seculier;Filiere administrative;Filiere administrative
441b;Clerge regulier;Filiere administrative;Filiere administrative
451a;Professions intermediaires de la Poste;Filiere administrative;Filiere administrative
451b;Professions intermediaires administratives de France Telecom (statut public);Filiere administrative;Filiere administrative
451c;Contreleurs des Impets, du Tresor, des Douanes et assimiles;Filiere administrative;Filiere administrative
451d;Ingenieurs du contrele de la navigation aerienne;Autres non soignants;Technique
451e;Autres personnels administratifs de categorie B de l'Etat (hors Enseignement, Patrimoine, Impets, Tresor, Douanes);Filiere administrative;Filiere administrative
451f;Personnels administratifs de categorie B des collectivites locales et des hepitaux (hors Enseignement, Patrimoine);Filiere administrative;Filiere administrative
451g;Professions intermediaires administratives des collectivites locales;Filiere administrative;Filiere administrative
451h;Professions intermediaires administratives des hepitaux;Filiere administrative;Filiere administrative
452a;Inspecteurs et officiers de police;Autres non soignants;Autres non soignants
452b;Adjudants-chefs, adjudants et sous-officiers de rang superieur de l'Armee et de la Gendarmerie;Autres non soignants;Autres non soignants
461a;Personnel de secretariat de niveau superieur, secretaires de direction (non cadres);Filiere administrative;Filiere administrative
461b;Secretaires de direction, assistants de direction (non cadres);Filiere administrative;Filiere administrative
461c;Secretaires de niveau superieur (non cadres, hors secretaires de direction);Filiere administrative;Filiere administrative
461d;Maetrise et techniciens des services financiers ou comptables;Filiere administrative;Filiere administrative
461e;Maetrise et techniciens administratifs des services juridiques ou du personnel;Filiere administrative;Filiere administrative
461f;Maetrise et techniciens administratifs des autres services administratifs;Filiere administrative;Filiere administrative
462a;Chefs de petites surfaces de vente;Autres non soignants;Autres non soignants
462b;Maetrise de l'exploitation des magasins de vente;Autres non soignants;Autres non soignants
462c;Acheteurs non classes cadres, aides-acheteurs;Autres non soignants;Autres non soignants
462d;Animateurs commerciaux des magasins de vente, marchandiseurs (non cadres);Autres non soignants;Autres non soignants
462e;Autres professions intermediaires commerciales (sauf techniciens des forces de vente);Autres non soignants;Autres non soignants
463a;Techniciens commerciaux et technico-commerciaux, representants en informatique;Autres non soignants;Autres non soignants
463b;Techniciens commerciaux et technico-commerciaux, representants en biens d'equipement, en biens intermediaires, commerce interindustriel (hors informatique);Autres non soignants;Autres non soignants
463c;Techniciens commerciaux et technico-commerciaux, representants en biens de consommation aupres d'entreprises;Autres non soignants;Autres non soignants
463d;Techniciens commerciaux et technico-commerciaux, representants en services aupres d'entreprises ou de professionnels (hors banque, assurance, informatique);Autres non soignants;Autres non soignants
463e;Techniciens commerciaux et technico-commerciaux, representants aupres de particuliers (hors banque, assurance, informatique);Autres non soignants;Autres non soignants
464a;Assistants de la publicite, des relations publiques;Autres non soignants;Autres non soignants
464b;Interpretes, traducteurs;Autres non soignants;Autres non soignants
465a;Concepteurs et assistants techniques des arts graphiques, de la mode et de la decoration salaries;Autres non soignants;Technique
465b;Assistants techniques de la realisation des spectacles vivants et audiovisuels salaries;Autres non soignants;Technique
465c;Photographes;Autres non soignants;Autres non soignants
466a;Responsables commerciaux et administratifs des transports de voyageurs et du tourisme (non cadres);Autres non soignants;Autres non soignants
466b;Responsables commerciaux et administratifs des transports de marchandises (non cadres);Autres non soignants;Autres non soignants
466c;Responsables d'exploitation des transports de voyageurs et de marchandises (non cadres);Autres non soignants;Autres non soignants
467a;Charges de clientele bancaire;Autres non soignants;Autres non soignants
467b;Techniciens des operations bancaires;Autres non soignants;Autres non soignants
467c;Professions intermediaires techniques et commerciales des assurances;Autres non soignants;Autres non soignants
467d;Professions intermediaires techniques des organismes de securite sociale;Filiere administrative;Filiere administrative
468a;Maetrise de restauration : salle et service;Autres non soignants;Autres non soignants
468b;Maetrise de l'hebergement : hall et etages;Autres non soignants;Autres non soignants
471a;Techniciens d'etude et de conseil en agriculture, eaux et foret;Autres non soignants;Technique
471b;Techniciens d'exploitation et de contrele de la production en agriculture, eaux et foret;Autres non soignants;Technique
472a;Dessinateurs en betiment, travaux publics;Autres non soignants;Technique
472b;Geometres, topographes;Autres non soignants;Technique
472c;Metreurs et techniciens divers du betiment et des travaux publics;Autres non soignants;Technique
472d;Techniciens des travaux publics de l'Etat et des collectivites locales;Autres non soignants;Technique
473a;Dessinateurs en electricite, electromecanique et electronique;Autres non soignants;Technique
473b;Techniciens de recherche-developpement et des methodes de fabrication en electricite, electromecanique et electronique;Autres non soignants;Technique
473c;Techniciens de fabrication et de contrele-qualite en electricite, electromecanique et electronique;Autres non soignants;Technique
474a;Dessinateurs en construction mecanique et travail des metaux;Autres non soignants;Technique
474b;Techniciens de recherche-developpement et des methodes de fabrication en construction mecanique et travail des metaux;Autres non soignants;Technique
474c;Techniciens de fabrication et de contrele-qualite en construction mecanique et travail des metaux;Autres non soignants;Technique
475a;Techniciens de recherche-developpement et des methodes de production des industries de transformation;Autres non soignants;Technique
475b;Techniciens de production et de contrele-qualite des industries de transformation;Autres non soignants;Technique
476a;Assistants techniques, techniciens de l'imprimerie et de l'edition;Autres non soignants;Technique
476b;Techniciens de l'industrie des materiaux souples, de l'ameublement et du bois;Autres non soignants;Technique
477a;Techniciens de la logistique, du planning et de l'ordonnancement;Autres non soignants;Technique
477b;Techniciens d'installation et de maintenance des equipements industriels (electriques, electromecaniques, mecaniques, hors informatique);Autres non soignants;Technique
477c;Techniciens d'installation et de maintenance des equipements non industriels (hors informatique et telecommunications);Autres non soignants;Technique
477d;Techniciens de l'environnement et du traitement des pollutions;Autres non soignants;Technique
478a;Techniciens d'etude et de developpement en informatique;Autres non soignants;Technique
478b;Techniciens de production, d'exploitation en informatique;Autres non soignants;Technique
478c;Techniciens d'installation, de maintenance, support et services aux utilisateurs en informatique;Autres non soignants;Technique
478d;Techniciens des telecommunications et de l'informatique des reseaux;Autres non soignants;Technique
479a;Techniciens des laboratoires de recherche publique ou de l'enseignement;Autres non soignants;Technique
479b;Experts salaries de niveau technicien, techniciens divers;Autres non soignants;Technique
480a;Contremaetres et agents d'encadrement (non cadres) en agriculture, sylviculture;Autres non soignants;Technique
480b;Maetres d'equipage de la marine marchande et de la peche;Autres non soignants;Technique
481a;Conducteurs de travaux (non cadres);Autres non soignants;Technique
481b;Chefs de chantier (non cadres);Autres non soignants;Technique
482a;Agents de maetrise en fabrication de materiel electrique, electronique;Autres non soignants;Technique
483a;Agents de maetrise en construction mecanique, travail des metaux;Autres non soignants;Technique
484a;Agents de maetrise en fabrication : agroalimentaire, chimie, plasturgie, pharmacie.;Autres non soignants;Technique
484b;Agents de maetrise en fabrication : metallurgie, materiaux lourds et autres industries de transformation;Autres non soignants;Technique
485a;Agents de maetrise et techniciens en production et distribution d'energie, eau, chauffage;Autres non soignants;Technique
485b;Agents de maetrise en fabrication des autres industries (imprimerie, materiaux souples, ameublement et bois);Autres non soignants;Technique
486a;Agents de maetrise en maintenance, installation en electricite, electromecanique et electronique;Autres non soignants;Technique
486b;Agents de maetrise en maintenance, installation en electricite et electronique;Autres non soignants;Technique
486c;Agents de maetrise en maintenance, installation en electromecanique;Autres non soignants;Technique
486d;Agents de maetrise en maintenance, installation en mecanique;Autres non soignants;Technique
486e;Agents de maetrise en entretien general, installation, travaux neufs (hors mecanique, electromecanique, electronique);Autres non soignants;Technique
487a;Responsables d'entrepet, de magasinage;Autres non soignants;Technique
487b;Responsables du tri, de l'emballage, de l'expedition et autres responsables de la manutention;Autres non soignants;Technique
488a;Maetrise de restauration  : cuisine/production;Autres non soignants;Technique
488b;Maetrise de restauration  : gestion d'etablissement;Autres non soignants;Technique
521a;Employes de la Poste;Autres non soignants;Autres non soignants
521b;Employes de France Telecom (statut public);Autres non soignants;Autres non soignants
522a;Agents de constatation ou de recouvrement des Impets, du Tresor, des Douanes;Autres non soignants;Autres non soignants
523a;Adjoints administratifs de la fonction publique (y.c. enseignement);Filiere administrative;Filiere administrative
523b;Adjoints administratifs de l'Etat et assimiles (sauf Poste, France Telecom);Filiere administrative;Filiere administrative
523c;Adjoints administratifs des collectivites locales;Filiere administrative;Filiere administrative
523d;Adjoints administratifs des hepitaux publics;Filiere administrative;Filiere administrative
524a;Agents administratifs de la fonction publique (y.c. enseignement);Filiere administrative;Filiere administrative
524b;Agents administratifs de l'Etat et assimiles (sauf Poste, France Telecom);Filiere administrative;Filiere administrative
524c;Agents administratifs des collectivites locales;Filiere administrative;Filiere administrative
524d;Agents administratifs des hepitaux publics;Filiere administrative;Filiere administrative
525a;Agents de service des etablissements primaires;6Autres soignants;Service
525b;Agents de service des autres etablissements d'enseignement;6Autres soignants;Service
525c;Agents de service de la fonction publique (sauf ecoles, hepitaux);6Autres soignants;Service
525d;Agents de service hospitaliers;6Autres soignants;Service
526a;Aides-soignants;Aides-soignants;Aides-soignants
526b;Assistants dentaires, medicaux et veterinaires, aides de techniciens medicaux;Autres non soignants;Sante
526c;Auxiliaires de puericulture;Aides-soignants;Aides-soignants
526d;Aides medico-psychologiques;Aides-soignants;Aides-soignants
526e;Ambulanciers salaries;Autres non soignants;Technique
531a;Agents de police de l'Etat;Autres non soignants;Autres non soignants
531b;Agents des polices municipales;Autres non soignants;Autres non soignants
531c;Surveillants de l'administration penitentiaire;Autres non soignants;Autres non soignants
532a;Gendarmes (de grade inferieur e adjudant);Autres non soignants;Autres non soignants
532b;Sergents et sous-officiers de grade equivalent des Armees (sauf pompiers militaires);Autres non soignants;Autres non soignants
532c;Hommes du rang (sauf pompiers militaires);Autres non soignants;Autres non soignants
533a;Pompiers (y.c. pompiers militaires);Autres non soignants;Autres non soignants
533b;Agents techniques forestiers, gardes des espaces naturels;Autres non soignants;Technique
533c;Agents de surveillance du patrimoine et des administrations;Autres non soignants;Technique
534a;Agents civils de securite et de surveillance;Autres non soignants;Technique
534b;Convoyeurs de fonds, gardes du corps, enqueteurs prives et metiers assimiles (salaries);Autres non soignants;Autres non soignants
541a;Agents et hetesses d'accueil et d'information (hors hetellerie);Filiere administrative;Filiere administrative
541b;Agents d'accueil qualifies, hetesses d'accueil et d'information;Filiere administrative;Filiere administrative
541c;Agents d'accueil non qualifies;Filiere administrative;Filiere administrative
541d;Standardistes, telephonistes;Filiere administrative;Filiere administrative
542a;Secretaires;Filiere administrative;Filiere administrative
542b;Dactylos, stenodactylos (sans secretariat), operateurs de traitement de texte;Filiere administrative;Filiere administrative
543a;Employes des services comptables ou financiers;Filiere administrative;Filiere administrative
543b;Employes qualifies des services comptables ou financiers;Filiere administrative;Filiere administrative
543c;Employes non qualifies des services comptables ou financiers;Filiere administrative;Filiere administrative
543d;Employes administratifs divers d'entreprises;Filiere administrative;Filiere administrative
543e;Employes qualifies des services du personnel et des services juridiques;Filiere administrative;Filiere administrative
543f;Employes qualifies des services commerciaux des entreprises (hors vente);Filiere administrative;Filiere administrative
543g;Employes administratifs qualifies des autres services des entreprises;Filiere administrative;Filiere administrative
543h;Employes administratifs non qualifies;Filiere administrative;Filiere administrative
544a;Employes et operateurs d'exploitation en informatique;Filiere administrative;Filiere administrative
545a;Employes administratifs des services techniques de la banque;Filiere administrative;Filiere administrative
545b;Employes des services commerciaux de la banque;Filiere administrative;Filiere administrative
545c;Employes des services techniques des assurances;Filiere administrative;Filiere administrative
545d;Employes des services techniques des organismes de securite sociale et assimiles;Filiere administrative;Filiere administrative
546a;Contreleurs des transports (personnels roulants);Autres non soignants;Autres non soignants
546b;Agents des services commerciaux des transports de voyageurs et du tourisme;Autres non soignants;Autres non soignants
546c;Employes administratifs d'exploitation des transports de marchandises;Filiere administrative;Filiere administrative
546d;Hetesses de l'air et stewards;Autres non soignants;Autres non soignants
546e;Autres agents et hetesses d'accompagnement (transports, tourisme);Autres non soignants;Autres non soignants
551a;Employes de libre service du commerce et magasiniers;Autres non soignants;Autres non soignants
552a;Caissiers de magasin;Autres non soignants;Autres non soignants
553a;Vendeurs non specialises;Autres non soignants;Autres non soignants
553b;Vendeurs polyvalents des grands magasins;Autres non soignants;Autres non soignants
553c; Autres vendeurs non specialises;Autres non soignants;Autres non soignants
554a;Vendeurs en alimentation;Autres non soignants;Autres non soignants
554b;Vendeurs en ameublement, decor, equipement du foyer;Autres non soignants;Autres non soignants
554c;Vendeurs en droguerie, bazar, quincaillerie, bricolage;Autres non soignants;Autres non soignants
554d;Vendeurs du commerce de fleurs;Autres non soignants;Autres non soignants
554e;Vendeurs en habillement et articles de sport;Autres non soignants;Autres non soignants
554f;Vendeurs en produits de beaute, de luxe (hors biens culturels) et optique;Autres non soignants;Autres non soignants
554g;Vendeurs de biens culturels (livres, disques, multimedia, objets d'art);Autres non soignants;Autres non soignants
554h;Vendeurs de tabac, presse et articles divers;Autres non soignants;Autres non soignants
554j;Pompistes et gerants de station-service (salaries ou mandataires);Autres non soignants;Autres non soignants
555a;Vendeurs par correspondance, televendeurs;Autres non soignants;Autres non soignants
556a;Vendeurs en gros de biens d'equipement, biens intermediaires;Autres non soignants;Autres non soignants
561a;Serveurs, commis de restaurant, gareons (bar, brasserie, cafe ou restaurant);Autres non soignants;Technique
561b;Serveurs, commis de restaurant, gareons qualifies;Autres non soignants;Technique
561c;Serveurs, commis de restaurant, gareons non qualifies;Autres non soignants;Technique
561d;Aides de cuisine, apprentis de cuisine et employes polyvalents de la restauration;Autres non soignants;Technique
561e;Employes de l'hetellerie : reception et hall;Autres non soignants;Technique
561f;Employes d'etage et employes polyvalents de l'hetellerie;Autres non soignants;Technique
562a;Manucures, estheticiens ;Autres non soignants;Autres non soignants
562b;Coiffeurs salaries;Autres non soignants;Autres non soignants
563a;Assistantes maternelles, gardiennes d'enfants, familles d'accueil;6Autres soignants;Enfance
563b;Aides e domicile, aides menageres, travailleuses familiales;6Autres soignants;Service
563c;Employes de maison et personnels de menage chez des particuliers;6Autres soignants;Service
564a;Concierges, gardiens d'immeubles;Autres non soignants;Autres non soignants
564b;Employes des services divers;6Autres soignants;Service
621a;Chefs d'equipe du gros oeuvre et des travaux publics;Autres non soignants;Technique
621b;Ouvriers qualifies du travail du beton;Autres non soignants;Technique
621c;Conducteurs qualifies d'engins de chantiers du betiment et des travaux publics;Autres non soignants;Technique
621d;Ouvriers des travaux publics en installations electriques et de telecommunications;Autres non soignants;Technique
621e;Autres ouvriers qualifies des travaux publics;Autres non soignants;Technique
621f;Ouvriers qualifies des travaux publics (salaries de l'Etat et des collectivites locales);Autres non soignants;Technique
621g;Mineurs de fond qualifies et autres ouvriers qualifies des industries d'extraction (carrieres, petrole, gaz...);Autres non soignants;Technique
622a;Operateurs qualifies sur machines automatiques en production electrique ou electronique;Autres non soignants;Technique
622b;Cebleurs qualifies, bobiniers qualifies;Autres non soignants;Technique
622c;Monteurs cebleurs qualifies en electricite;Autres non soignants;Technique
622d;Cebleurs qualifies en electronique (prototype, unite, petite serie);Autres non soignants;Technique
622e;Autres monteurs cebleurs en electronique;Autres non soignants;Technique
622f;Bobiniers qualifies;Autres non soignants;Technique
622g;Plateformistes, contreleurs qualifies de materiel electrique ou electronique;Autres non soignants;Technique
623a;Chaudronniers-teliers industriels, operateurs qualifies du travail en forge, conducteurs qualifies d'equipement de formage, traceurs qualifies;Autres non soignants;Technique
623b;Tuyauteurs industriels qualifies;Autres non soignants;Technique
623c;Soudeurs qualifies sur metaux;Autres non soignants;Technique
623d;Operateurs qualifies sur machine de soudage;Autres non soignants;Technique
623e;Soudeurs manuels;Autres non soignants;Technique
623f;Operateurs qualifies d'usinage des metaux travaillant e l'unite ou en petite serie, moulistes qualifies;Autres non soignants;Technique
623g;Operateurs qualifies d'usinage des metaux sur autres machines (sauf moulistes);Autres non soignants;Technique
624a;Monteurs qualifies d'ensembles mecaniques;Autres non soignants;Technique
624b;Monteurs, metteurs au point tres qualifies d'ensembles mecaniques travaillant e l'unite ou en petite serie;Autres non soignants;Technique
624c;Monteurs qualifies d'ensembles mecaniques travaillant en moyenne ou en grande serie;Autres non soignants;Technique
624d;Monteurs qualifies en structures metalliques;Autres non soignants;Technique
624e;Ouvriers qualifies de contrele et d'essais en mecanique;Autres non soignants;Technique
624f;Ouvriers qualifies des traitements thermiques et de surface sur metaux;Autres non soignants;Technique
624g;Autres mecaniciens ou ajusteurs qualifies (ou specialite non reconnue);Autres non soignants;Technique
625a;Pilotes d'installation lourde des industries de transformation : agroalimentaire, chimie, plasturgie, energie;Autres non soignants;Technique
625b;Ouvriers qualifies et agents qualifies de laboratoire : agroalimentaire, chimie, biologie, pharmacie;Autres non soignants;Technique
625c;Autres operateurs et ouvriers qualifies de la chimie (y.c. pharmacie) et de la plasturgie;Autres non soignants;Technique
625d;Operateurs de la transformation des viandes;Autres non soignants;Technique
625e;Autres operateurs et ouvriers qualifies de l'industrie agricole et alimentaire (hors transformation des viandes);Autres non soignants;Technique
625f;Autres operateurs travaillant sur installations ou machines : industrie agroalimentaire (hors transformation des viandes);Autres non soignants;Technique
625g;Autres ouvriers de production qualifies ne travaillant pas sur machine : industrie agroalimentaire (hors transformation des viandes);Autres non soignants;Technique
625h;Ouvriers qualifies des autres industries (eau, gaz, energie, chauffage);Autres non soignants;Technique
626a;Pilotes d'installation lourde des industries de transformation : metallurgie, production verriere, materiaux de construction;Autres non soignants;Technique
626b;Autres operateurs et ouvriers qualifies : metallurgie, production verriere, materiaux de construction;Autres non soignants;Technique
626c;Operateurs et ouvriers qualifies des industries lourdes du bois et de la fabrication du papier-carton;Autres non soignants;Technique
627a;Operateurs qualifies du textile et de la megisserie;Autres non soignants;Technique
627b;Ouvriers qualifies de la coupe des vetements et de l'habillement, autres operateurs de confection qualifies;Autres non soignants;Technique
627c;Ouvriers qualifies du travail industriel du cuir;Autres non soignants;Technique
627d;Ouvriers qualifies de scierie, de la menuiserie industrielle et de l'ameublement;Autres non soignants;Technique
627e;Ouvriers de la photogravure et des laboratoires photographiques et cinematographiques;Autres non soignants;Technique
627f;Ouvriers de la composition et de l'impression, ouvriers qualifies de la brochure, de la reliure et du faeonnage du papier-carton;Autres non soignants;Technique
628a;Mecaniciens qualifies de maintenance, entretien : equipements industriels;Autres non soignants;Technique
628b;Electromecaniciens, electriciens qualifies d'entretien : equipements industriels;Autres non soignants;Technique
628c;Regleurs qualifies d'equipements de fabrication (travail des metaux, mecanique);Autres non soignants;Technique
628d;Regleurs qualifies d'equipements de fabrication (hors travail des metaux et mecanique);Autres non soignants;Technique
628e;Ouvriers qualifies de l'assainissement et du traitement des dechets;Autres non soignants;Technique
628f;Agents qualifies de laboratoire (sauf chimie, sante);Autres non soignants;Technique
628g;Ouvriers qualifies divers de type industriel;Autres non soignants;Technique
631a;Jardiniers;Autres non soignants;Technique
632a;Maeons qualifies;Autres non soignants;Technique
632b;Ouvriers qualifies du travail de la pierre;Autres non soignants;Technique
632c;Charpentiers en bois qualifies;Autres non soignants;Technique
632d;Menuisiers qualifies du betiment;Autres non soignants;Technique
632e;Couvreurs qualifies;Autres non soignants;Technique
632f;Plombiers et chauffagistes qualifies;Autres non soignants;Technique
632g;Peintres et ouvriers qualifies de pose de revetements sur supports verticaux;Autres non soignants;Technique
632h;Soliers moquetteurs et ouvriers qualifies de pose de revetements souples sur supports horizontaux;Autres non soignants;Technique
632j;Monteurs qualifies en agencement, isolation;Autres non soignants;Technique
632k;Ouvriers qualifies d'entretien general des betiments;Autres non soignants;Technique
633a;Electriciens qualifies de type artisanal (y.c. betiment);Autres non soignants;Technique
633b;Depanneurs qualifies en radiotelevision, electromenager, materiel electronique (salaries);Autres non soignants;Technique
633c;Electriciens, electroniciens qualifies en maintenance entretien, reparation : automobile;Autres non soignants;Technique
633d;Electriciens, electroniciens qualifies en maintenance, entretien : equipements non industriels;Autres non soignants;Technique
634a;Carrossiers d'automobiles qualifies;Autres non soignants;Technique
634b;Metalliers, serruriers qualifies;Autres non soignants;Technique
634c;Mecaniciens qualifies en maintenance, entretien, reparation : automobile;Autres non soignants;Technique
634d;Mecaniciens qualifies de maintenance, entretien : equipements non industriels;Autres non soignants;Technique
635a;Tailleurs et couturieres qualifies, ouvriers qualifies du travail des etoffes (sauf fabrication de vetements), ouvriers qualifies de type artisanal du travail du cuir;Autres non soignants;Technique
636a;Bouchers (sauf industrie de la viande);Autres non soignants;Technique
636b;Charcutiers (sauf industrie de la viande);Autres non soignants;Technique
636c;Boulangers, petissiers (sauf activite industrielle);Autres non soignants;Technique
636d;Cuisiniers et commis de cuisine;Autres non soignants;Technique
637a;Modeleurs (sauf modeleurs de metal), mouleurs-noyauteurs e la main, ouvriers qualifies du travail du verre ou de la ceramique e la main;Autres non soignants;Technique
637b;Ouvriers d'art;Autres non soignants;Technique
637c;Ouvriers et techniciens des spectacles vivants et audiovisuels;Autres non soignants;Technique
637d;Ouvriers qualifies divers de type artisanal;Autres non soignants;Technique
641a;Conducteurs routiers et grands routiers;Autres non soignants;Technique
641b;Conducteurs de vehicule routier de transport en commun;Autres non soignants;Technique
642a;Conducteurs de taxi;Autres non soignants;Technique
642b;Conducteurs de voiture particuliere;Autres non soignants;Technique
643a;Conducteurs livreurs, coursiers;Autres non soignants;Technique
644a;Conducteurs de vehicule de ramassage des ordures menageres;Autres non soignants;Technique
651a;Conducteurs d'engin lourd de levage;Autres non soignants;Technique
651b;Conducteurs d'engin lourd de manoeuvre;Autres non soignants;Technique
652a;Ouvriers qualifies de la manutention, conducteurs de chariots elevateurs, caristes;Autres non soignants;Technique
652b;Dockers;Autres non soignants;Technique
653a;Magasiniers qualifies;Autres non soignants;Technique
654a;Conducteurs qualifies d'engins de transport guides;Autres non soignants;Technique
654b;Conducteurs qualifies d'engins de transport guides (sauf remontees mecaniques);Autres non soignants;Technique
654c;Conducteurs qualifies de systemes de remontees mecaniques;Autres non soignants;Technique
655a;Autres agents et ouvriers qualifies (sedentaires) des services d'exploitation des transports;Autres non soignants;Technique
656a;Matelots de la marine marchande, capitaines et matelots timoniers de la navigation fluviale (salaries);Autres non soignants;Technique
656b;Matelots de la marine marchande;Autres non soignants;Technique
656c;Capitaines et matelots timoniers de la navigation fluviale;Autres non soignants;Technique
671a;Ouvriers non qualifies des travaux publics de l'Etat et des collectivites locales;Autres non soignants;Technique
671b;Ouvriers non qualifies des travaux publics, du travail du beton et de l'extraction, hors Etat et collectivites locales;Autres non soignants;Technique
671c;Ouvriers non qualifies des travaux publics et du travail du beton;Autres non soignants;Technique
671d;Aides-mineurs, ouvriers non qualifies de l'extraction;Autres non soignants;Technique
672a;Ouvriers non qualifies de l'electricite et de l'electronique;Autres non soignants;Technique
673a;Ouvriers de production non qualifies travaillant par enlevement de metal;Autres non soignants;Technique
673b;Ouvriers de production non qualifies travaillant par formage de metal;Autres non soignants;Technique
673c;Ouvriers non qualifies de montage, contrele en mecanique et travail des metaux;Autres non soignants;Technique
674a;Ouvriers de production non qualifies : chimie, pharmacie, plasturgie;Autres non soignants;Technique
674b;Ouvriers de production non qualifies de la transformation des viandes;Autres non soignants;Technique
674c;Autres ouvriers de production non qualifies : industrie agroalimentaire;Autres non soignants;Technique
674d;Ouvriers de production non qualifies : metallurgie, production verriere, ceramique, materiaux de construction;Autres non soignants;Technique
674e;Ouvriers de production non qualifies : industrie lourde du bois, fabrication des papiers et cartons;Autres non soignants;Technique
675a;Ouvriers de production non qualifies du textile et de la confection, de la tannerie-megisserie et du travail du cuir;Autres non soignants;Technique
675b;Ouvriers de production non qualifies du travail du bois et de l'ameublement;Autres non soignants;Technique
675c;Ouvriers de production non qualifies de l'imprimerie, presse, edition;Autres non soignants;Technique
676a;Manutentionnaires non qualifies;Autres non soignants;Technique
676b;Demenageurs (hors chauffeurs-demenageurs), non qualifies;Autres non soignants;Technique
676c;Ouvriers du tri, de l'emballage, de l'expedition, non qualifies;6Autres soignants;Service
676d;Agents non qualifies des services d'exploitation des transports;Autres non soignants;Technique
676e;Ouvriers non qualifies divers de type industriel;Autres non soignants;Technique
681a;Ouvriers non qualifies du gros oeuvre du betiment;Autres non soignants;Technique
681b;Ouvriers non qualifies du second oeuvre du betiment;Autres non soignants;Technique
682a;Metalliers, serruriers, reparateurs en mecanique non qualifies;Autres non soignants;Technique
683a;Apprentis boulangers, bouchers, charcutiers;Autres non soignants;Technique
684a;Nettoyeurs;6Autres soignants;Service
684b;Ouvriers non qualifies de l'assainissement et du traitement des dechets;Autres non soignants;Technique
685a;Ouvriers non qualifies divers de type artisanal;Autres non soignants;Technique
691a;Conducteurs d'engin agricole ou forestier;Autres non soignants;Technique
691b;Ouvriers de l'elevage;Autres non soignants;Technique
691c;Ouvriers du maraechage ou de l'horticulture;Autres non soignants;Technique
691d;Ouvriers de la viticulture ou de l'arboriculture fruitiere;Autres non soignants;Technique
691e;Ouvriers agricoles sans specialisation particuliere;Autres non soignants;Technique
691f;Ouvriers de l'exploitation forestiere ou de la sylviculture;Autres non soignants;Technique
692a;Marins-pecheurs et ouvriers de l'aquaculture;Autres non soignants;Technique
